{
  "data" : {
    "lookups" : [
      "free-text",
      "keywords"
    ],
    "name" : "type",
    "lang" : "en",
    "exotic" : false,
    "id" : "type",
    "values" : [
      {
        "value" : "date",
        "expressions" : [
          "date"
        ]
      },
      {
        "value" : "general",
        "expressions" : [
          "general"
        ]
      },
      {
        "value" : "math ",
        "expressions" : [
          "math "
        ]
      }
    ],
    "doc" : "User-defined entity",
    "builtin" : false
  }
}