{
  "data" : [
    {
      "id" : "function-getTrivia",
      "type" : "function",
      "name" : "getTrivia"
    },
    {
      "id" : "template-Great, but I didn't get a number, can you give me one or do you want a random number?",
      "type" : "template",
      "template" : "Great, but I didn't get a number, can you give me one or do you want a random number?"
    },
    {
      "id" : "template-{response}",
      "type" : "template",
      "template" : "{response}",
      "requirements" : [
        {
          "name" : "response",
          "negative" : false
        }
      ]
    }
  ]
}