{
  "data" : [
    {
      "text" : "20",
      "entities" : [
        {
          "entity" : "number",
          "value" : "20",
          "start" : 0,
          "end" : 2
        }
      ]
    },
    {
      "text" : "5",
      "entities" : [
        {
          "entity" : "intent",
          "value" : "\"trivia\""
        },
        {
          "entity" : "number",
          "value" : "\"5\"",
          "start" : 0,
          "end" : 1
        }
      ]
    },
    {
      "text" : "Give me a general fact about 4",
      "entities" : [
        {
          "entity" : "intent",
          "value" : "\"trivia\""
        },
        {
          "entity" : "type",
          "value" : "\"general\"",
          "start" : 10,
          "end" : 17
        },
        {
          "entity" : "number",
          "value" : "4",
          "start" : 29,
          "end" : 30
        }
      ]
    },
    {
      "text" : "Give me a math fact about five",
      "entities" : [
        {
          "entity" : "intent",
          "value" : "\"trivia\""
        },
        {
          "entity" : "type",
          "value" : "\"math \"",
          "start" : 10,
          "end" : 15
        },
        {
          "entity" : "number",
          "value" : "\"five\"",
          "start" : 26,
          "end" : 30
        }
      ]
    },
    {
      "text" : "Give me some random fact about one",
      "entities" : [
        {
          "entity" : "intent",
          "value" : "\"trivia\""
        },
        {
          "entity" : "number",
          "value" : "1",
          "start" : 31,
          "end" : 34
        }
      ]
    },
    {
      "text" : "Tell me something interesting about 7",
      "entities" : [
        {
          "entity" : "intent",
          "value" : "\"trivia\""
        },
        {
          "entity" : "number",
          "value" : "7",
          "start" : 36,
          "end" : 37
        }
      ]
    },
    {
      "text" : "What can you tell me about twenty?",
      "entities" : [
        {
          "entity" : "intent",
          "value" : "\"trivia\""
        },
        {
          "entity" : "number",
          "value" : "20",
          "start" : 27,
          "end" : 33
        }
      ]
    },
    {
      "text" : "What's with 10 as a date?",
      "entities" : [
        {
          "entity" : "intent",
          "value" : "\"trivia\""
        },
        {
          "entity" : "number",
          "value" : "10",
          "start" : 12,
          "end" : 14
        },
        {
          "entity" : "type",
          "value" : "\"date\"",
          "start" : 20,
          "end" : 24
        }
      ]
    },
    {
      "text" : "a random number",
      "entities" : [
        {
          "entity" : "random",
          "value" : "\"random\"",
          "start" : 2,
          "end" : 8
        }
      ]
    },
    {
      "text" : "any number you want",
      "entities" : [
        {
          "entity" : "random",
          "value" : "\"random\""
        }
      ]
    },
    {
      "text" : "anything you want",
      "entities" : [
        {
          "entity" : "random",
          "value" : "\"random\""
        }
      ]
    },
    {
      "text" : "give me a date fact",
      "entities" : [
        {
          "entity" : "intent",
          "value" : "\"trivia\""
        },
        {
          "entity" : "type",
          "value" : "\"date\"",
          "start" : 10,
          "end" : 14
        }
      ]
    },
    {
      "text" : "random",
      "entities" : [
        {
          "entity" : "intent",
          "value" : "\"trivia\""
        },
        {
          "entity" : "random",
          "value" : "\"random\"",
          "start" : 0,
          "end" : 6
        }
      ]
    },
    {
      "text" : "what can you tell me?",
      "entities" : [
        {
          "entity" : "intent",
          "value" : "\"trivia\""
        }
      ]
    }
  ]
}