{
  "data" : [
    {
      "name" : "",
      "turns" : [
        {
          "user" : "Give me a math fact about five",
          "entities" : [
            {
              "entity" : "intent",
              "value" : "\"trivia\""
            },
            {
              "entity" : "type",
              "value" : "\"math\"",
              "start" : 10,
              "end" : 14
            },
            {
              "entity" : "number",
              "value" : "\"five\"",
              "start" : 26,
              "end" : 30
            }
          ],
          "operations" : [
            {
              "bookmark" : "getTriviaBookmark"
            },
            {
              "action" : "function-getTrivia"
            },
            {
              "branches" : [
                {
                  "predicates" : [
                    {
                      "name" : "response",
                      "negative" : false
                    }
                  ],
                  "operations" : [
                    {
                      "action" : "template-{response}"
                    }
                  ]
                },
                {
                  "predicates" : [
                    {
                      "name" : "missingNumber",
                      "negative" : false
                    }
                  ],
                  "operations" : [
                    {
                      "action" : "template-Great, but I didn't get a number, do you want a random number or do you want to give me one?"
                    }
                  ],
                  "turns" : [
                    {
                      "branches" : [
                        [
                          {
                            "user" : "random",
                            "entities" : [
                              {
                                "entity" : "intent",
                                "value" : "\"trivia\""
                              },
                              {
                                "entity" : "random",
                                "value" : "\"random\""
                              }
                            ],
                            "operations" : [
                              {
                                "jump" : "getTriviaBookmark"
                              }
                            ]
                          }
                        ],
                        [
                          {
                            "user" : "5",
                            "entities" : [
                              {
                                "entity" : "intent",
                                "value" : "\"trivia\""
                              },
                              {
                                "entity" : "number",
                                "value" : "5",
                                "start" : 0,
                                "end" : 1
                              }
                            ],
                            "operations" : [
                              {
                                "jump" : "getTriviaBookmark"
                              }
                            ]
                          }
                        ]
                      ]
                    }
                  ]
                }
              ]
            }
          ]
        }
      ]
    }
  ]
}